promo_id;product_sku;reference_price;discount_value
20230823_MoinsChersDeLaRentree1Et1_BE;400003348;;
20230823_MoinsChersDeLaRentree1Et1_BE;405153232;;
20230823_MoinsChersDeLaRentree1Et1_BE;405153233;;
20230823_MoinsChersDeLaRentree1Et1_BE;405153234;;
20230823_MoinsChersDeLaRentree1Et1_BE;405153235;;
20230823_MoinsChersDeLaRentree1Et1_BE;405153236;;
20230823_MoinsChersDeLaRentree1Et1_BE;400008838;;
20230823_MoinsChersDeLaRentree1Et1_BE;79417555;;
20230823_MoinsChersDeLaRentree1Et1_BE;405152236;;
20230823_MoinsChersDeLaRentree1Et1_BE;405117645;;
20230823_MoinsChersDeLaRentree1Et1_BE;99999796;;
20230823_MoinsChersDeLaRentree1Et1_BE;79444636;;
20230823_MoinsChersDeLaRentree1Et1_BE;79444637;;
20230823_MoinsChersDeLaRentree1Et1_BE;79421665;;
20230823_MoinsChersDeLaRentree1Et1_BE;79421661;;
20230823_MoinsChersDeLaRentree1Et1_BE;79421659;;
20230823_MoinsChersDeLaRentree1Et1_BE;79421666;;
20230823_MoinsChersDeLaRentree1Et1_BE;79433943;;
20230823_MoinsChersDeLaRentree1Et1_BE;79433939;;
20230823_MoinsChersDeLaRentree1Et1_BE;79433940;;
20230823_MoinsChersDeLaRentree1Et1_BE;79433941;;
20230823_MoinsChersDeLaRentree1Et1_BE;79433942;;
20230823_MoinsChersDeLaRentree1Et1_BE;79423815;;
20230823_MoinsChersDeLaRentree1Et1_BE;79423816;;
20230823_MoinsChersDeLaRentree1Et1_BE;79423817;;
20230823_MoinsChersDeLaRentree1Et1_BE;405124713;;
20230823_MoinsChersDeLaRentree1Et1_BE;79428412;;
20230823_MoinsChersDeLaRentree1Et1_BE;405113485;;
20230823_MoinsChersDeLaRentree1Et1_BE;999991227;;
20230823_MoinsChersDeLaRentree1Et1_BE;405143873;;
20230823_MoinsChersDeLaRentree1Et1_BE;79445400;;
20230823_MoinsChersDeLaRentree1Et1_BE;405143874;;
20230823_MoinsChersDeLaRentree1Et1_BE;79139979;;
20230823_MoinsChersDeLaRentree1Et1_BE;405128431;;
20230823_MoinsChersDeLaRentree1Et1_BE;405128432;;
20230823_MoinsChersDeLaRentree1Et1_BE;405128433;;
20230823_MoinsChersDeLaRentree1Et1_BE;405128434;;
20230823_MoinsChersDeLaRentree1Et1_BE;79389282;;
20230823_MoinsChersDeLaRentree1Et1_BE;79442134;;
20230823_MoinsChersDeLaRentree1Et1_BE;300031212;;
20230823_MoinsChersDeLaRentree1Et1_BE;79442135;;
20230823_MoinsChersDeLaRentree1Et1_BE;79432106;;
20230823_MoinsChersDeLaRentree1Et1_BE;405153911;;
20230823_MoinsChersDeLaRentree1Et1_BE;405153912;;
20230823_MoinsChersDeLaRentree1Et1_BE;405153913;;
20230823_MoinsChersDeLaRentree1Et1_BE;405153914;;
20230823_MoinsChersDeLaRentree1Et1_BE;405153915;;
20230823_MoinsChersDeLaRentree1Et1_BE;405153916;;
20230823_MoinsChersDeLaRentree1Et1_BE;405153917;;
20230823_MoinsChersDeLaRentree1Et1_BE;405153918;;
MEA-TEXAS-INSTRUMENT-RDC-2025;79444062;58.64;4.0
MEA-TEXAS-INSTRUMENT-RDC-2025;79397511;52.99;3.0
OPE-SEPTEMBRE-2-2025;405253766;;
OPE-SEPTEMBRE-2-2025;405253767;;
OPE-SEPTEMBRE-2-2025;405253768;;
OPE-SEPTEMBRE-2-2025;405253769;;
OPE-SEPTEMBRE-2-2025;405253770;;
OPE-SEPTEMBRE-2-2025;405253771;;
OPE-SEPTEMBRE-2-2025;405230075;;
OPE-SEPTEMBRE-2-2025;405149600;;
OPE-SEPTEMBRE-2-2025;405149601;;
OPE-SEPTEMBRE-2-2025;405149605;;
OPE-SEPTEMBRE-2-2025;405149603;;
OPE-SEPTEMBRE-2-2025;405149602;;
OPE-SEPTEMBRE-2-2025;405149604;;
OPE-SEPTEMBRE-2-2025;405234819;;
OPE-SEPTEMBRE-2-2025;405235889;;
OPE-SEPTEMBRE-2-2025;405235890;;
OPE-SEPTEMBRE-2-2025;405235891;;
OPE-SEPTEMBRE-2-2025;405235892;;
OPE-SEPTEMBRE-2-2025;405235893;;
OPE-SEPTEMBRE-2-2025;405235894;;
OPE-SEPTEMBRE-2-2025;405235027;;
OPE-SEPTEMBRE-2-2025;405243544;;
OPE-SEPTEMBRE-2-2025;79355589;;
OPE-SEPTEMBRE-2-2025-X2Y1-5;79441118;;
OPE-SEPTEMBRE-2-2025-X2Y1-5;400001215;;
OPE-SEPTEMBRE-2-2025-X2Y1-5;405240149;;
OPE-SEPTEMBRE-2-2025-X2Y1-5;405156634;;
OPE-SEPTEMBRE-2-2025-X2Y1-5;79441105;;
OPE-SEPTEMBRE-2-2025-X2Y1-5;405150798;;
OPE-SEPTEMBRE-2-2025-X2Y1-5;405165268;;
OPE-SEPTEMBRE-2-AMOUNT-DISCOUNT;79437585;92.49;11.0
OPE-SEPTEMBRE-2-AMOUNT-DISCOUNT;405171724;83.9;9.0
OPE-SEPTEMBRE-2-AMOUNT-DISCOUNT;405165131;209.9;30.0
OPE-SEPTEMBRE-2-AMOUNT-DISCOUNT;405116947;74.9;4.0
OPE-SEPTEMBRE-2-AMOUNT-DISCOUNT;405165132;89.9;9.0
OPE-SEPTEMBRE-2-AMOUNT-DISCOUNT;405177040;149.9;30.0
OPE-SEPTEMBRE-2-AMOUNT-DISCOUNT;405165022;369.9;60.0
OPE-SEPTEMBRE-2-AMOUNT-DISCOUNT;400014471;214.9;60.0
OPE-SEPTEMBRE-2-AMOUNT-DISCOUNT;405171787;71.9;15.0
OPE-SEPTEMBRE-2-AMOUNT-DISCOUNT;405113152;449.9;100.0
OPE-SEPTEMBRE-2-AMOUNT-DISCOUNT;405254123;429.9;70.0
OPE-SEPTEMBRE-2-AMOUNT-DISCOUNT;405254124;529.9;70.0
OPE-SEPTEMBRE-2-AMOUNT-DISCOUNT;405260735;529.9;70.0
OPE-SEPTEMBRE-2-AMOUNT-DISCOUNT;405119532;69.9;20.0
OPE-SEPTEMBRE-2-AMOUNT-DISCOUNT;79428906;79.9;20.0
OPE-SEPTEMBRE-2-AMOUNT-DISCOUNT;79397392;84.9;20.0
OPE-SEPTEMBRE-2-AMOUNT-DISCOUNT;79409595;57.99;18.0
OPE-SEPTEMBRE-2-AMOUNT-DISCOUNT;405164914;11.99;4.0
OPE-SEPTEMBRE-2-AMOUNT-DISCOUNT;405164915;11.99;4.0
OPE-SEPTEMBRE-2-AMOUNT-DISCOUNT;405164916;11.99;4.0
OPE-SEPTEMBRE-2-AMOUNT-DISCOUNT;405155010;34.99;15.0
OPE-SEPTEMBRE-2-AMOUNT-DISCOUNT;405161024;264.9;80.0
OPE-SEPTEMBRE-2-AMOUNT-DISCOUNT;79352459;399.0;100.0
OPE-SEPTEMBRE-2-AMOUNT-DISCOUNT;405240213;149.99;50.0
OPE-SEPTEMBRE-2-AMOUNT-DISCOUNT;405240359;299.0;120.0
OPE-SEPTEMBRE-2-AMOUNT-DISCOUNT;405239209;599.0;200.0
OPE-SEPTEMBRE-2-AMOUNT-DISCOUNT;79429785;619.0;200.0
OPE-SEPTEMBRE-2-AMOUNT-DISCOUNT;7333202;54.99;20.0
OPE-SEPTEMBRE-2-AMOUNT-DISCOUNT;77032899;69.99;20.0
OPE-SEPTEMBRE-2-AMOUNT-DISCOUNT;405233027;39.99;15.0
OPE-SEPTEMBRE-2-AMOUNT-DISCOUNT;405187513;349.99;70.0
OPE-SEPTEMBRE-2-AMOUNT-DISCOUNT;79418427;35.89;10.0
OPE-SEPTEMBRE-2-2025-BUNDLE;405188780;;
OPE-SEPTEMBRE-2-2025-BUNDLE;405188782;;
OPE-SEPTEMBRE-2-PERCENT-DISCOUNT;79435504;79.99;50.0
OPE-SEPTEMBRE-2-PERCENT-DISCOUNT;405253871;49.99;50.0
OPE-SEPTEMBRE-2-PERCENT-DISCOUNT;405243944;24.99;48.0
OPE-SEPTEMBRE-2-PERCENT-DISCOUNT;405243945;24.99;48.0
OPE-SEPTEMBRE-2-PERCENT-DISCOUNT;79355919;5.79;50.0
OPE-SEPTEMBRE-2-PERCENT-DISCOUNT;79388929;6.49;50.0
OPE-SEPTEMBRE-2-PERCENT-DISCOUNT;79136886;4.39;20.0
OPE-SEPTEMBRE-2-PERCENT-DISCOUNT;79136896;4.79;20.0
OPE-SEPTEMBRE-2-PERCENT-DISCOUNT;405252047;4.79;20.0
OPE-SEPTEMBRE-2-PERCENT-DISCOUNT;5426;4.99;35.0
OPE-SEPTEMBRE-2-PERCENT-DISCOUNT;405253631;5.39;35.0
OPE-SEPTEMBRE-2-PERCENT-DISCOUNT;405253630;5.39;35.0
OPE-SEPTEMBRE-2-PERCENT-DISCOUNT;99999649;12.99;25.0
OPE-SEPTEMBRE-2-PERCENT-DISCOUNT;99999651;12.99;25.0
OPE-SEPTEMBRE-2-PERCENT-DISCOUNT;812878;19.89;40.0
OPE-SEPTEMBRE-2-PERCENT-DISCOUNT;405224132;129.0;30.0
OPE-SEPTEMBRE-2-PERCENT-DISCOUNT;405224133;159.0;30.0
OPE-SEPTEMBRE-2-PERCENT-DISCOUNT;405224134;269.0;30.0
OPE-SEPTEMBRE-2-PERCENT-DISCOUNT;405224124;129.0;30.0
OPE-SEPTEMBRE-2-PERCENT-DISCOUNT;405224127;189.0;30.0
OPE-SEPTEMBRE-2-PERCENT-DISCOUNT;405224079;179.0;30.0
OPE-SEPTEMBRE-2-PERCENT-DISCOUNT;405224093;259.0;30.0
OPE-SEPTEMBRE-2-PERCENT-DISCOUNT;79352478;2.39;50.0
OPE-SEPTEMBRE-2-PERCENT-DISCOUNT;79352476;2.39;50.0
OPE-SEPTEMBRE-2-PERCENT-DISCOUNT;79352475;2.39;50.0
OPE-SEPTEMBRE-2-PERCENT-DISCOUNT;79352477;2.39;50.0
OPE-SEPTEMBRE-2-PERCENT-DISCOUNT;400001981;3.99;20.0
OPE-SEPTEMBRE-2-PERCENT-DISCOUNT;400001982;4.49;20.0
OPE-SEPTEMBRE-2-PERCENT-DISCOUNT;400001983;7.89;20.0
OPE-SEPTEMBRE-2-PERCENT-DISCOUNT;400001980;3.29;20.0
OPE-SEPTEMBRE-2-PERCENT-DISCOUNT;400001979;7.19;20.0
OPE-SEPTEMBRE-2-PERCENT-DISCOUNT;400001984;3.99;20.0
OPE-SEPTEMBRE-2-PERCENT-DISCOUNT;400001988;7.49;20.0
OPE-SEPTEMBRE-2-PERCENT-DISCOUNT;400001985;8.99;20.0
OPE-SEPTEMBRE-2-PERCENT-DISCOUNT;400001987;8.49;20.0
OPE-SEPTEMBRE-2-PERCENT-DISCOUNT;400001976;6.49;20.0
OPE-SEPTEMBRE-2-PERCENT-DISCOUNT;400001975;5.99;20.0
OPE-SEPTEMBRE-2-PERCENT-DISCOUNT;400001974;5.99;20.0
OPE-SEPTEMBRE-2-PERCENT-DISCOUNT;400001978;3.79;20.0
OPE-SEPTEMBRE-2-PERCENT-DISCOUNT;400001977;3.79;20.0
OPE-SEPTEMBRE-2-PERCENT-DISCOUNT;405199924;7.99;20.0
OPE-SEPTEMBRE-2-PERCENT-DISCOUNT;405240807;12.49;40.0
OPE-SEPTEMBRE-2-PERCENT-DISCOUNT;79346816;27.99;45.0
OPE-SEPTEMBRE-2-PERCENT-DISCOUNT;117287;16.99;45.0
OPE-SEPTEMBRE-2-PERCENT-DISCOUNT;405222242;8.6;35.0
OPE-SEPTEMBRE-2-PERCENT-DISCOUNT;405231924;8.29;40.0
OPE-SEPTEMBRE-2-PERCENT-DISCOUNT;405231925;8.29;40.0
OPE-SEPTEMBRE-2-PERCENT-DISCOUNT;79414199;6.69;40.0
OPE-SEPTEMBRE-2-PERCENT-DISCOUNT;79395407;7.19;24.0
OPE-SEPTEMBRE-2-PERCENT-DISCOUNT;79395408;13.39;18.0
OPE-SEPTEMBRE-2-PERCENT-DISCOUNT;405221352;3.99;50.0
OPE-SEPTEMBRE-2-PERCENT-DISCOUNT;405221366;9.99;40.0
OPE-SEPTEMBRE-2-PERCENT-DISCOUNT;405133223;19.99;30.0
OPE-SEPTEMBRE-2-PERCENT-DISCOUNT;405224123;129.0;30.0
OPE-SEPTEMBRE-2-PERCENT-DISCOUNT;405224125;129.0;30.0
OPE-SEPTEMBRE-2-PERCENT-DISCOUNT;405224126;129.0;30.0
OPE-SEPTEMBRE-2-PERCENT-DISCOUNT;405224097;139.0;30.0
OPE-SEPTEMBRE-2-PERCENT-DISCOUNT;405224077;149.0;30.0
OPE-SEPTEMBRE-2-PERCENT-DISCOUNT;405224100;169.0;30.0
OPE-SEPTEMBRE-2-PERCENT-DISCOUNT;405224098;169.0;30.0
OPE-SEPTEMBRE-2-PERCENT-DISCOUNT;405224099;169.0;30.0
OPE-SEPTEMBRE-2-PERCENT-DISCOUNT;405224101;169.0;30.0
OPE-SEPTEMBRE-2-PERCENT-DISCOUNT;405224078;159.0;30.0
OPE-SEPTEMBRE-2-PERCENT-DISCOUNT;405224080;199.0;30.0
OPE-SEPTEMBRE-2-PERCENT-DISCOUNT;405224102;269.0;30.0
OPE-SEPTEMBRE-2-PERCENT-DISCOUNT;405224085;259.0;30.0
OPE-SEPTEMBRE-2-PERCENT-DISCOUNT;405224089;259.0;30.0
OPE-SEPTEMBRE-2-PERCENT-DISCOUNT;405224081;259.0;30.0
OPE-SEPTEMBRE-2-PERCENT-DISCOUNT;405224103;269.0;30.0
OPE-SEPTEMBRE-2-PERCENT-DISCOUNT;405224122;289.0;30.0
OPE-SEPTEMBRE-2-PERCENT-DISCOUNT;405224082;279.0;30.0
OPE-SEPTEMBRE-2-PERCENT-DISCOUNT;405224086;279.0;30.0
OPE-SEPTEMBRE-2-PERCENT-DISCOUNT;405224090;279.0;30.0
OPE-SEPTEMBRE-2-PERCENT-DISCOUNT;405224094;279.0;30.0
OPE-SEPTEMBRE-2-PERCENT-DISCOUNT;405224083;289.0;30.0
OPE-SEPTEMBRE-2-PERCENT-DISCOUNT;405224087;289.0;30.0
OPE-SEPTEMBRE-2-PERCENT-DISCOUNT;405224091;289.0;30.0
OPE-SEPTEMBRE-2-PERCENT-DISCOUNT;405224095;289.0;30.0
OPE-SEPTEMBRE-2-PERCENT-DISCOUNT;405224084;299.0;30.0
OPE-SEPTEMBRE-2-PERCENT-DISCOUNT;405224088;299.0;30.0
OPE-SEPTEMBRE-2-PERCENT-DISCOUNT;405224092;299.0;30.0
OPE-SEPTEMBRE-2-PERCENT-DISCOUNT;405224096;299.0;30.0
OPE-SEPTEMBRE-2-PERCENT-DISCOUNT;405249181;309.0;30.0
OPE-SEPTEMBRE-2-PERCENT-DISCOUNT;405249179;319.0;30.0
OPE-SEPTEMBRE-2-PERCENT-DISCOUNT;405224112;339.0;30.0
OPE-SEPTEMBRE-2-PERCENT-DISCOUNT;405224106;339.0;30.0
OPE-SEPTEMBRE-2-PERCENT-DISCOUNT;405224108;339.0;30.0
OPE-SEPTEMBRE-2-PERCENT-DISCOUNT;405224109;339.0;30.0
OPE-SEPTEMBRE-2-PERCENT-DISCOUNT;405224107;339.0;30.0
OPE-SEPTEMBRE-2-PERCENT-DISCOUNT;405224110;339.0;30.0
OPE-SEPTEMBRE-2-PERCENT-DISCOUNT;405224113;339.0;30.0
OPE-SEPTEMBRE-2-PERCENT-DISCOUNT;405224111;339.0;30.0
OPE-SEPTEMBRE-2-PERCENT-DISCOUNT;405249183;199.0;30.0
OPE-SEPTEMBRE-2-PERCENT-DISCOUNT;405249180;339.0;30.0
OPE-SEPTEMBRE-2-PERCENT-DISCOUNT;405249182;379.0;30.0
OPE-SEPTEMBRE-2-PERCENT-DISCOUNT;405224128;189.0;30.0
OPE-SEPTEMBRE-2-PERCENT-DISCOUNT;405224135;199.0;30.0
OPE-SEPTEMBRE-2-PERCENT-DISCOUNT;405225764;229.0;30.0
OPE-SEPTEMBRE-2-PERCENT-DISCOUNT;405224139;229.0;30.0
OPE-SEPTEMBRE-2-PERCENT-DISCOUNT;405224142;279.0;30.0
OPE-SEPTEMBRE-2-PERCENT-DISCOUNT;405225761;279.0;30.0
OPE-SEPTEMBRE-2-PERCENT-DISCOUNT;405224131;289.0;30.0
OPE-SEPTEMBRE-2-PERCENT-DISCOUNT;405224130;289.0;30.0
OPE-SEPTEMBRE-2-PERCENT-DISCOUNT;405224140;289.0;30.0
OPE-SEPTEMBRE-2-PERCENT-DISCOUNT;405225782;289.0;30.0
OPE-SEPTEMBRE-2-PERCENT-DISCOUNT;405224129;289.0;30.0
OPE-SEPTEMBRE-2-PERCENT-DISCOUNT;405225767;299.0;30.0
OPE-SEPTEMBRE-2-PERCENT-DISCOUNT;405224143;379.0;30.0
OPE-SEPTEMBRE-2-PERCENT-DISCOUNT;405225779;379.0;30.0
OPE-SEPTEMBRE-2-PERCENT-DISCOUNT;405225785;409.0;30.0
OPE-SEPTEMBRE-2-PERCENT-DISCOUNT;405224141;429.0;30.0
OPE-SEPTEMBRE-2-PERCENT-DISCOUNT;405225773;429.0;30.0
OPE-SEPTEMBRE-2-PERCENT-DISCOUNT;405224144;549.0;30.0
OPE-SEPTEMBRE-2-PERCENT-DISCOUNT;405225770;549.0;30.0
OPE-SEPTEMBRE-2-PERCENT-DISCOUNT;405225776;569.0;30.0
OPE-SEPTEMBRE-2-PERCENT-DISCOUNT;300028955;4.39;20.0
OPE-SEPTEMBRE-2-PERCENT-DISCOUNT;79138572;4.39;20.0
OPE-SEPTEMBRE-2-PERCENT-DISCOUNT;79138568;4.39;20.0
OPE-SEPTEMBRE-2-PERCENT-DISCOUNT;79148590;4.39;20.0
OPE-SEPTEMBRE-2-PERCENT-DISCOUNT;79360300;4.39;20.0
OPE-SEPTEMBRE-2-PERCENT-DISCOUNT;79136884;4.39;20.0
OPE-SEPTEMBRE-2-PERCENT-DISCOUNT;79418465;4.39;20.0
OPE-SEPTEMBRE-2-PERCENT-DISCOUNT;79360303;4.39;20.0
OPE-SEPTEMBRE-2-PERCENT-DISCOUNT;300028954;4.39;20.0
OPE-SEPTEMBRE-2-PERCENT-DISCOUNT;79136888;4.39;20.0
OPE-SEPTEMBRE-2-PERCENT-DISCOUNT;79360302;4.39;20.0
OPE-SEPTEMBRE-2-PERCENT-DISCOUNT;79360299;4.39;20.0
OPE-SEPTEMBRE-2-PERCENT-DISCOUNT;79136889;4.39;20.0
OPE-SEPTEMBRE-2-PERCENT-DISCOUNT;300028956;4.39;20.0
OPE-SEPTEMBRE-2-PERCENT-DISCOUNT;79148589;4.39;20.0
OPE-SEPTEMBRE-2-PERCENT-DISCOUNT;300028957;4.39;20.0
OPE-SEPTEMBRE-2-PERCENT-DISCOUNT;79360301;4.39;20.0
OPE-SEPTEMBRE-2-PERCENT-DISCOUNT;79136892;4.39;20.0
OPE-SEPTEMBRE-2-PERCENT-DISCOUNT;79418552;4.39;20.0
OPE-SEPTEMBRE-2-PERCENT-DISCOUNT;79138567;4.39;20.0
OPE-SEPTEMBRE-2-PERCENT-DISCOUNT;79136890;4.39;20.0
OPE-SEPTEMBRE-2-PERCENT-DISCOUNT;79138569;4.39;20.0
OPE-SEPTEMBRE-2-PERCENT-DISCOUNT;79138571;4.39;20.0
OPE-SEPTEMBRE-2-PERCENT-DISCOUNT;79136883;4.39;20.0
OPE-SEPTEMBRE-2-PERCENT-DISCOUNT;79138573;4.39;20.0
OPE-SEPTEMBRE-2-PERCENT-DISCOUNT;79148591;4.39;20.0
OPE-SEPTEMBRE-2-PERCENT-DISCOUNT;79418464;4.39;20.0
OPE-SEPTEMBRE-2-PERCENT-DISCOUNT;79418463;4.39;20.0
OPE-SEPTEMBRE-2-PERCENT-DISCOUNT;79138570;4.39;20.0
OPE-SEPTEMBRE-2-PERCENT-DISCOUNT;79136887;4.39;20.0
OPE-SEPTEMBRE-2-PERCENT-DISCOUNT;300028958;4.39;20.0
OPE-SEPTEMBRE-2-PERCENT-DISCOUNT;79148592;4.39;20.0
OPE-SEPTEMBRE-2-PERCENT-DISCOUNT;79136885;4.39;20.0
OPE-SEPTEMBRE-2-PERCENT-DISCOUNT;79418462;4.39;20.0
OPE-SEPTEMBRE-2-PERCENT-DISCOUNT;79148593;4.39;20.0
OPE-SEPTEMBRE-2-PERCENT-DISCOUNT;79136891;4.39;20.0
OPE-SEPTEMBRE-2-PERCENT-DISCOUNT;79407755;4.39;20.0
OPE-SEPTEMBRE-2-PERCENT-DISCOUNT;79407756;4.39;20.0
OPE-SEPTEMBRE-2-PERCENT-DISCOUNT;79407752;4.39;20.0
OPE-SEPTEMBRE-2-PERCENT-DISCOUNT;79407753;4.39;20.0
OPE-SEPTEMBRE-2-PERCENT-DISCOUNT;79407759;4.39;20.0
OPE-SEPTEMBRE-2-PERCENT-DISCOUNT;79407758;4.39;20.0
OPE-SEPTEMBRE-2-PERCENT-DISCOUNT;79407754;4.39;20.0
OPE-SEPTEMBRE-2-PERCENT-DISCOUNT;79407757;4.39;20.0
OPE-SEPTEMBRE-2-PERCENT-DISCOUNT;300028951;4.79;20.0
OPE-SEPTEMBRE-2-PERCENT-DISCOUNT;79138579;4.79;20.0
OPE-SEPTEMBRE-2-PERCENT-DISCOUNT;79138575;4.79;20.0
OPE-SEPTEMBRE-2-PERCENT-DISCOUNT;79148596;4.79;20.0
OPE-SEPTEMBRE-2-PERCENT-DISCOUNT;79360274;4.79;20.0
OPE-SEPTEMBRE-2-PERCENT-DISCOUNT;79136894;4.79;20.0
OPE-SEPTEMBRE-2-PERCENT-DISCOUNT;79360286;4.79;20.0
OPE-SEPTEMBRE-2-PERCENT-DISCOUNT;400011632;4.79;20.0
OPE-SEPTEMBRE-2-PERCENT-DISCOUNT;79360285;4.79;20.0
OPE-SEPTEMBRE-2-PERCENT-DISCOUNT;79407760;4.79;20.0
OPE-SEPTEMBRE-2-PERCENT-DISCOUNT;400011634;4.79;20.0
OPE-SEPTEMBRE-2-PERCENT-DISCOUNT;79136898;4.79;20.0
OPE-SEPTEMBRE-2-PERCENT-DISCOUNT;79360277;4.79;20.0
OPE-SEPTEMBRE-2-PERCENT-DISCOUNT;400011631;4.79;20.0
OPE-SEPTEMBRE-2-PERCENT-DISCOUNT;79360273;4.79;20.0
OPE-SEPTEMBRE-2-PERCENT-DISCOUNT;79136899;4.79;20.0
OPE-SEPTEMBRE-2-PERCENT-DISCOUNT;79407763;4.79;20.0
OPE-SEPTEMBRE-2-PERCENT-DISCOUNT;79360275;4.79;20.0
OPE-SEPTEMBRE-2-PERCENT-DISCOUNT;300028953;4.79;20.0
OPE-SEPTEMBRE-2-PERCENT-DISCOUNT;79148597;4.79;20.0
OPE-SEPTEMBRE-2-PERCENT-DISCOUNT;300028952;4.79;20.0
OPE-SEPTEMBRE-2-PERCENT-DISCOUNT;79360276;4.79;20.0
OPE-SEPTEMBRE-2-PERCENT-DISCOUNT;79136902;4.79;20.0
OPE-SEPTEMBRE-2-PERCENT-DISCOUNT;79138574;4.79;20.0
OPE-SEPTEMBRE-2-PERCENT-DISCOUNT;79136900;4.79;20.0
OPE-SEPTEMBRE-2-PERCENT-DISCOUNT;79407764;4.79;20.0
OPE-SEPTEMBRE-2-PERCENT-DISCOUNT;400011635;4.79;20.0
OPE-SEPTEMBRE-2-PERCENT-DISCOUNT;79138576;4.79;20.0
OPE-SEPTEMBRE-2-PERCENT-DISCOUNT;79138578;4.79;20.0
OPE-SEPTEMBRE-2-PERCENT-DISCOUNT;79136893;4.79;20.0
OPE-SEPTEMBRE-2-PERCENT-DISCOUNT;79407762;4.79;20.0
OPE-SEPTEMBRE-2-PERCENT-DISCOUNT;79138580;4.79;20.0
OPE-SEPTEMBRE-2-PERCENT-DISCOUNT;79407765;4.79;20.0
OPE-SEPTEMBRE-2-PERCENT-DISCOUNT;79148598;4.79;20.0
OPE-SEPTEMBRE-2-PERCENT-DISCOUNT;400011636;4.79;20.0
OPE-SEPTEMBRE-2-PERCENT-DISCOUNT;79360289;4.79;20.0
OPE-SEPTEMBRE-2-PERCENT-DISCOUNT;79360287;4.79;20.0
OPE-SEPTEMBRE-2-PERCENT-DISCOUNT;400011637;4.79;20.0
OPE-SEPTEMBRE-2-PERCENT-DISCOUNT;79138577;4.79;20.0
OPE-SEPTEMBRE-2-PERCENT-DISCOUNT;400011633;4.79;20.0
OPE-SEPTEMBRE-2-PERCENT-DISCOUNT;79136897;4.79;20.0
OPE-SEPTEMBRE-2-PERCENT-DISCOUNT;79407761;4.79;20.0
OPE-SEPTEMBRE-2-PERCENT-DISCOUNT;79148595;4.79;20.0
OPE-SEPTEMBRE-2-PERCENT-DISCOUNT;79136895;4.79;20.0
OPE-SEPTEMBRE-2-PERCENT-DISCOUNT;79360288;4.79;20.0
OPE-SEPTEMBRE-2-PERCENT-DISCOUNT;79148594;4.79;20.0
OPE-SEPTEMBRE-2-PERCENT-DISCOUNT;79136901;4.79;20.0
OPE-SEPTEMBRE-2-PERCENT-DISCOUNT;79360290;4.79;20.0
OPE-SEPTEMBRE-2-PERCENT-DISCOUNT;405252052;4.79;20.0
OPE-SEPTEMBRE-2-PERCENT-DISCOUNT;405252062;4.79;20.0
OPE-SEPTEMBRE-2-PERCENT-DISCOUNT;405252053;4.79;20.0
OPE-SEPTEMBRE-2-PERCENT-DISCOUNT;405252060;4.79;20.0
OPE-SEPTEMBRE-2-PERCENT-DISCOUNT;405252058;4.79;20.0
OPE-SEPTEMBRE-2-PERCENT-DISCOUNT;405252048;4.79;20.0
OPE-SEPTEMBRE-2-PERCENT-DISCOUNT;405252057;4.79;20.0
OPE-SEPTEMBRE-2-PERCENT-DISCOUNT;405252059;4.79;20.0
OPE-SEPTEMBRE-2-PERCENT-DISCOUNT;405252049;4.79;20.0
OPE-SEPTEMBRE-2-PERCENT-DISCOUNT;405252056;4.79;20.0
OPE-SEPTEMBRE-2-PERCENT-DISCOUNT;405252055;4.79;20.0
OPE-SEPTEMBRE-2-PERCENT-DISCOUNT;405252061;4.79;20.0
OPE-SEPTEMBRE-2-PERCENT-DISCOUNT;405252050;4.79;20.0
OPE-SEPTEMBRE-2-PERCENT-DISCOUNT;405252051;4.79;20.0
OPE-SEPTEMBRE-2-PERCENT-DISCOUNT;405252054;4.79;20.0
OPE-SEPTEMBRE-2-RI-AMOUNT-DISCOUNT;405247299;119.9;30.0
FR_reduction_de_prix_sumup_1757671604037;405121694;94.99;47.0
FR_reduction_de_prix_sumup_1757671604037;405158400;129.99;50.0
FR_reduction_de_prix_sumup_1757671604037;405187513;349.99;29.0
FR_reduction_de_prix_sumup_1757671604037;405233027;39.99;50.0
FR_reduction_de_prix_sumup_1757671604037;405239723;49.99;50.0
MEA-CARTONS-PAPIER-PRIX-MINI-PARCOURS-MAGASIN;405152956;;
MEA-CARTONS-PAPIER-PRIX-MINI-PARCOURS-MAGASIN;405260499;;
MEA-CARTONS-PAPIER-PRIX-MINI-PARCOURS-MAGASIN;405260498;;
MEA-CARTONS-PAPIER-PRIX-MINI-PARCOURS-MAGASIN;405260500;;
MEA-CARTONS-PAPIER-JETUP-PARCOURS-MAGASIN;79415007;;
MEA-CARTONS-PAPIER-JETUP-PARCOURS-MAGASIN;405260496;;
MEA-CARTONS-PAPIER-JETUP-PARCOURS-MAGASIN;405260495;;
MEA-CARTONS-PAPIER-JETUP-PARCOURS-MAGASIN;405260497;;
MEA-CARTONS-PAPIER-PRIX-MINI-PARCOURS-TERRITOIRE;405152956;;
MEA-CARTONS-PAPIER-PRIX-MINI-PARCOURS-TERRITOIRE;405260499;;
MEA-CARTONS-PAPIER-PRIX-MINI-PARCOURS-TERRITOIRE;405260498;;
MEA-CARTONS-PAPIER-PRIX-MINI-PARCOURS-TERRITOIRE;405260500;;
MEA-CARTONS-PAPIER-PRIX-MINI-PARCOURS-TERRITOIRE-V2;405152956;;
MEA-CARTONS-PAPIER-PRIX-MINI-PARCOURS-TERRITOIRE-V2;405260499;;
MEA-CARTONS-PAPIER-PRIX-MINI-PARCOURS-TERRITOIRE-V2;405260498;;
MEA-CARTONS-PAPIER-PRIX-MINI-PARCOURS-TERRITOIRE-V2;405260500;;
MEA-CARTONS-PAPIER-JETUP-PARCOURS-TERRITOIRE;79415007;;
MEA-CARTONS-PAPIER-JETUP-PARCOURS-TERRITOIRE;405260496;;
MEA-CARTONS-PAPIER-JETUP-PARCOURS-TERRITOIRE;405260495;;
MEA-CARTONS-PAPIER-JETUP-PARCOURS-TERRITOIRE;405260497;;
FR_octobre_1_-_conso_1758101181999;405243082;;
FR_octobre_1_-_conso_1758101181999;405243085;;
FR_octobre_1_-_conso_1758101181999;405243090;;
FR_octobre_1_-_conso_1758101181999;405243127;;
FR_octobre_1_-_conso_-_prix_recommande_1758101268047;91201;7.49;2.0
FR_octobre_1_-_conso_-_prix_recommande_1758101268047;79360919;16.49;5.0
FR_octobre_1_-_conso_-_prix_recommande_1758101268047;79364290;44.99;5.0
FR_octobre_1_-_conso_-_prix_recommande_1758101268047;79394046;96.9;20.0
FR_octobre_1_-_conso_-_prix_recommande_1758101268047;79414947;179.9;45.0
FR_octobre_1_-_conso_-_prix_recommande_1758101268047;79429228;81.99;7.0
FR_octobre_1_-_conso_-_prix_recommande_1758101268047;79439947;42.99;13.0
FR_octobre_1_-_conso_-_prix_recommande_1758101268047;400001024;21.99;1.5
FR_octobre_1_-_conso_-_prix_recommande_1758101268047;400004768;149.9;35.0
FR_octobre_1_-_conso_-_prix_recommande_1758101268047;405112812;22.99;2.0
FR_octobre_1_-_conso_-_prix_recommande_1758101268047;405113147;279.9;40.0
FR_octobre_1_-_conso_-_prix_recommande_1758101268047;405116670;279.9;85.0
FR_octobre_1_-_conso_-_prix_recommande_1758101268047;405121521;399.9;100.0
FR_octobre_1_-_conso_-_prix_recommande_1758101268047;405121528;60.9;4.0
FR_octobre_1_-_conso_-_prix_recommande_1758101268047;405134460;85.9;11.0
FR_octobre_1_-_conso_-_prix_recommande_1758101268047;405137751;129.99;40.0
FR_octobre_1_-_conso_-_prix_recommande_1758101268047;405165268;169.9;30.0
FR_octobre_1_-_conso_-_prix_recommande_1758101268047;405166285;479.9;90.0
FR_octobre_1_-_conso_-_prix_recommande_1758101268047;405177037;64.9;20.0
FR_octobre_1_-_conso_-_prix_recommande_1758101268047;405182034;39.99;3.0
FR_octobre_1_-_conso_-_prix_recommande_1758101268047;405182666;179.9;15.0
FR_octobre_1_-_conso_-_prix_recommande_1758101268047;405233028;399.9;100.0
FR_octobre_1_-_conso_-_prix_recommande_1758101268047;405233044;106.9;17.0
FR_octobre_1_-_conso_-_prix_recommande_1758101268047;405239723;49.99;25.0
FR_octobre_1_-_conso_-_prix_recommande_1758101268047;405242949;59.99;5.0
FR_octobre_1_-_conso_-_prix_recommande_1758101268047;405243025;42.99;5.0
FR_octobre_1_-_conso_-_prix_recommande_1758101268047;405243026;37.99;5.0
FR_octobre_1_-_conso_-_prix_recommande_1758101268047;405243035;44.99;5.0
FR_octobre_1_-_conso_-_simple_1758101346407;17442;0.0;0.0
FR_octobre_1_-_conso_-_simple_1758101346407;17472;0.0;0.0
FR_octobre_1_-_conso_-_simple_1758101346407;26103;0.0;0.0
FR_octobre_1_-_conso_-_simple_1758101346407;31112;0.0;0.0
FR_octobre_1_-_conso_-_simple_1758101346407;197905;0.0;0.0
FR_octobre_1_-_conso_-_simple_1758101346407;79139607;0.0;0.0
FR_octobre_1_-_conso_-_simple_1758101346407;79143089;0.0;0.0
FR_octobre_1_-_conso_-_simple_1758101346407;79143164;0.0;0.0
FR_octobre_1_-_conso_-_simple_1758101346407;79374423;0.0;0.0
FR_octobre_1_-_conso_-_simple_1758101346407;400014108;0.0;0.0
FR_octobre_1_-_conso_-_simple_1758101346407;405133169;0.0;0.0
FR_octobre_1_-_conso_-_simple_1758101346407;405133170;0.0;0.0
FR_octobre_1_-_conso_-_simple_1758101346407;405149567;0.0;0.0
FR_octobre_1_-_conso_-_simple_1758101346407;405187291;0.0;0.0
FR_octobre_1_-_conso_-_simple_1758101346407;405242942;0.0;0.0
FR_octobre_1_-_conso_-_simple_1758101346407;405242948;0.0;0.0
FR_octobre_1_-_conso_-_simple_1758101346407;405242950;0.0;0.0
FR_octobre_1_-_conso_-_simple_1758101346407;405242952;0.0;0.0
FR_octobre_1_-_conso_-_simple_1758101346407;405242956;0.0;0.0
FR_octobre_1_-_conso_-_simple_1758101346407;405242958;0.0;0.0
FR_octobre_1_-_conso_-_simple_1758101346407;405242959;0.0;0.0
FR_octobre_1_-_conso_-_simple_1758101346407;405242977;0.0;0.0
FR_octobre_1_-_conso_-_simple_1758101346407;405242978;0.0;0.0
FR_octobre_1_-_conso_-_simple_1758101346407;405243031;0.0;0.0
FR_octobre_1_-_conso_-_simple_1758101346407;405243032;0.0;0.0
FR_octobre_1_-_conso_-_simple_1758101346407;405243033;0.0;0.0
FR_octobre_1_-_conso_-_simple_1758101346407;405243034;0.0;0.0
FR_octobre_1_-_conso_-_simple_1758101346407;405244063;0.0;0.0
FR-LRE_des_offres_branchees_1758272003869;76;;
FR-LRE_des_offres_branchees_1758272003869;19710;;
FR-LRE_des_offres_branchees_1758272003869;40514;;
FR-LRE_des_offres_branchees_1758272003869;7333102;;
FR-LRE_des_offres_branchees_1758272003869;7943980;;
FR-LRE_des_offres_branchees_1758272003869;79413490;;
FR-LRE_des_offres_branchees_1758272003869;79433655;;
FR-LRE_des_offres_branchees_1758272003869;300025845;;
FR-LRE_des_offres_branchees_1758272003869;405121523;;
FR-LRE_des_offres_branchees_1758272003869;405134494;;
FR-LRE_des_offres_branchees_1758272003869;405134495;;
FR-LRE_des_offres_branchees_1758272003869;405134496;;
FR-LRE_des_offres_branchees_1758272003869;405134497;;
FR-LRE_des_offres_branchees_1758272003869;405134498;;
FR-LRE_des_offres_branchees_1758272003869;405155144;;
FR-LRE_des_offres_branchees_1758272003869;405155145;;
FR-LRE_des_offres_branchees_1758272003869;405155146;;
FR-LRE_des_offres_branchees_1758272003869;405231783;;
FR-LRE_des_offres_branchees_1758272003869;405231784;;
FR-LRE_des_offres_branchees_1758272003869;405231785;;
FR-LRE_des_offres_branchees_1758272003869;405231786;;
FR-LRE_des_offres_branchees_1758272003869;405231787;;
FR-LRE_des_offres_branchees_1758272003869;405231829;;
FR-LRE_des_offres_branchees_1758272003869;405231830;;
FR-LRE_des_offres_branchees_1758272003869;405231831;;
FR-LRE_des_offres_branchees_1758272003869;405231832;;
FR-LRE_des_offres_branchees_1758272003869;405242220;;
FR-LRE_des_offres_branchees_1758272003869;405242221;;
FR-LRE_des_offres_branchees_1758272003869;405242995;;
FR-LRE_des_offres_branchees_1758272003869;405246202;;
FR-LRE_des_offres_branchees_1758272003869;405246356;;
FR-LRE_des_offres_branchees_1758272003869;405246357;;
FR-LRE_des_offres_branchees_1758272003869;405246358;;
FR-LRE_des_offres_branchees_1758272003869;405246668;;
FR-LRE_des_offres_branchees_1758272003869;405246670;;
FR-LRE_des_offres_branchees_1758272003869;405248784;;
FR-LRE_des_offres_branchees_1758272003869;405248785;;
FR-LRE_des_offres_branchees_1758272003869;405249081;;
FR-LRE_des_offres_branchees_1758272003869;405249082;;
FR-LRE_des_offres_branchees_1758272003869;405250313;;
FR-LRE_des_offres_branchees_1758272003869;405252477;;
FR-LRE_des_offres_branchees_1758272003869;405254875;;
BXPY_ON_DIFFERENT_PRODUCT_PROMO;79417443;;
BXPY_ON_DIFFERENT_PRODUCT_PROMO;79417444;;
BXPY_ON_DIFFERENT_PRODUCT_PROMO;79417445;;
BXPY_ON_DIFFERENT_PRODUCT_PROMO;79417446;;
BXPY_ON_DIFFERENT_PRODUCT_PROMO;79417447;;
BXPY_ON_DIFFERENT_PRODUCT_PROMO;79417448;;
BXPY_ON_DIFFERENT_PRODUCT_PROMO;79445496;;
BXPY_ON_DIFFERENT_PRODUCT_PROMO;79445497;;
BXPY_ON_DIFFERENT_PRODUCT_PROMO;79445498;;
BXPY_ON_DIFFERENT_PRODUCT_PROMO;79445499;;
BXPY_ON_DIFFERENT_PRODUCT_PROMO;400008503;;
BXPY_ON_DIFFERENT_PRODUCT_PROMO;400008502;;
BXPY_ON_DIFFERENT_PRODUCT_PROMO;400008504;;
BXPY_ON_DIFFERENT_PRODUCT_PROMO;400008505;;
FR_Hayfa_Remise_Par_quantite;79351083;;
ES_test_majdi_1763033642262;79396524;;
FR_promo_cartouche_1764261373433;79394046;;
FR_promo_cartouche_1764261373433;79391588;;
FR_CTA_CHOIX_MAGASIN;133362;;
FR_CTA_CHOIX_MAGASIN;133363;;
FR_CTA_CHOIX_MAGASIN;405144752;;
